ID,coppaRisk
2807,0.08284447440776693
1742,0.5771176611594019
806,0.8003007225785035
2635,0.2025674906508366
9047,0.045812510654393374
3048,0.008531033601177684
4691,0.8678766609819808
1346,0.7035118388376297
7045,0.008502926884374366
958,0.7601615204560441
331,0.09768334626797005
1680,0.3863512523161589
7086,0.031150608648336995
1699,0.3902669965550659
8360,0.02315994159533128
5846,0.054035033886456564
8630,0.1566537486227686
8723,0.8402387651856232
6489,0.12092838683683152
8746,0.8050920922758822
7155,0.10517361019908351
1253,0.7180129252869909
8529,0.8393827577726112
2154,0.10706527917771819
1643,0.7938099680423835
1543,0.7434346355596531
2560,0.026949665229056678
3083,0.06201859063979584
1631,0.030055252964653348
4456,0.04040662192270646
8915,0.7479614321441818
3411,0.06112969714022542
1062,0.38803652342616746
6219,0.14513744964499997
3621,0.05658232217775999
3874,0.053660442819726074
5246,0.028478656747477633
8130,0.15123478594399917
8776,0.8653378309543587
7012,0.7310490445116513
5252,0.6378433662880252
2577,0.6413524046526261
1138,0.802437896418161
4404,0.7550587322754874
6996,0.04184808984134114
3530,0.6461515513791037
9679,0.6494951869282188
6482,0.0966924680160663
74,0.0117241773504281
7103,0.011300230259498912
1483,0.31499772016418853
6244,0.09616722723037276
1184,0.6779406976062822
8362,0.03222378728262782
3503,0.029174903475486045
4665,0.8017774003732742
439,0.12188673551836687
733,0.6480333465214956
1308,0.39034988542333116
286,0.833644563303609
7345,0.039052817503706365
7662,0.011303075596682293
7063,0.08695181754298163
1492,0.02287990399607572
957,0.7558195088089131
963,0.33673815066144147
6499,0.05552172325141461
7530,0.045299739066227064
541,0.7356358878340826
3020,0.03316019701513809
8213,0.06997664480482524
72,0.016042996021618103
2427,0.06381333787857184
4038,0.462085396343641
1781,0.023141124423604987
4085,0.053660442819726074
4390,0.053801397707719203
9295,0.04014860109785104
6324,0.12756650679694226
4899,0.7001528176504674
1359,0.3607031932990212
8024,0.04221188967301848
8558,0.7962284827204347
8709,0.8964674611510125
9947,0.8480853168557173
3864,0.11207652357201409
7484,0.8114552325442377
2251,0.5937606381679944
1920,0.8288909125284384
6142,0.14861527188605636
8969,0.14513744964499997
2782,0.046232516898542186
7214,0.03092077185654415
2397,0.17153314244052617
7631,0.04777668446326181
3086,0.045299739066227064
8316,0.032571549687517694
2528,0.12156152357659591
3286,0.008306022240372244
2901,0.7519862139964058
956,0.7961845240131954
726,0.3872470912317092
3308,0.16472750059770289
9913,0.035296088180155935
6432,0.0350299130383469
2521,0.09125873573717698
4536,0.035933704558149794
6431,0.5242671127750065
419,0.051394627469523266
5206,0.143765631441113
5329,0.08421670815555429
9568,0.02720439366355748
1020,0.776050702970161
8027,0.10611069056786339
7687,0.04422188776684802
5545,0.008657690293202422
6319,0.043259371800459565
9068,0.010086180821654503
5499,0.18299811217592443
4807,0.8480853168557173
7757,0.026653191254751765
3271,0.11658073917833699
4166,0.028685286055860848
5230,0.1489851068328647
3689,0.027794680119756596
5288,0.10824215014328138
1917,0.7697905578552732
1027,0.5931695163746353
3158,0.035296088180155935
8177,0.03205692943464525
3958,0.040678133794227044
3291,0.039902941498865065
6349,0.1987182679677478
7727,0.13062134070246031
4890,0.05671712683516007
8519,0.5004149985188281
9897,0.14623312232334917
5278,0.5869241536964978
4724,0.766618245736124
3815,0.03316019701513809
7588,0.146954657515549
1506,0.22178418719781542
8318,0.045585991827933436
5530,0.030239887947120087
1748,0.3286877295520064
152,0.3560957601095435
3423,0.04441568561504032
4629,0.03225106837732977
6390,0.05047123270634091
1566,0.6449360186222236
6716,0.029502359455075892
3603,0.6518796984692139
2806,0.7476147466899798
1037,0.7555058250335334
8627,0.7469545305410608
155,0.050440224550817175
8193,0.03444977548703581
8259,0.8927596304029645
2837,0.09784585982484047
2069,0.8591034643980356
529,0.03490601072967805
1493,0.2570933017852265
5773,0.1687294603074489
3949,0.05172552019138554
1805,0.8309398253427127
7151,0.02633353148134264
3237,0.08279400291524265
7902,0.03383770932418218
7865,0.051021232421871225
1565,0.793805202200655
1904,0.6514289387127884
3792,0.06442560005854296
1151,0.8177381274888031
9660,0.6458128226879356
4563,0.10047395114881967
2218,0.14524172394735546
9092,0.6509741942619083
8336,0.015974472189645254
3157,0.7609819826539835
1795,0.6581758227439437
4644,0.051746393760492025
8001,0.030012402415191226
7359,0.05372145335834833
7258,0.18299811217592443
8585,0.6396504179525991
2182,0.04424286798318037
9021,0.15182522884891725
6348,0.02562589420463866
9027,0.0767772543979304
1652,0.045922056643284234
9059,0.0441187318325762
6774,0.06008815575909863
5026,0.7832251595667672
5919,0.06112969714022542
5195,0.6107473875440808
3832,0.5486259883054769
7418,0.006286824372170114
4015,0.6172112900255808
1388,0.7942843640479877
4122,0.6062688285710821
5217,0.17067513321116176
7906,0.027660131606264793
6742,0.7367163570559063
7574,0.06089913155955044
1404,0.5567723179455861
9531,0.11047741696234736
6866,0.10621571119712842
2158,0.026753204646568652
9256,0.035296088180155935
2130,0.8374316302633339
9852,0.5124214936502433
2581,0.08815542033891231
5095,0.494064690750582
7837,0.010855339137111104
9912,0.5915422738708742
7827,0.053393942899730686
3382,0.14640918662880906
5551,0.032554738365158764
9875,0.034664827864825144
4491,0.17245706288265625
3720,0.10276167217183538
9909,0.05171838352411909
1892,0.790207671602788
9505,0.462967766055052
4019,0.062053004153159674
8826,0.8224974137214541
3178,0.06101340120807389
9188,0.7641708382783627
4855,0.04524082734750005
420,0.040234639822011115
3270,0.04160869161730368
1725,0.8541927253266643
2815,0.7641708382783627
1850,0.8833180574226148
7186,0.030486976798151544
7770,0.052484397065214884
378,0.5830175418553859
5498,0.615166129465178
1409,0.0765457082132318
9685,0.1379287020310359
575,0.061720799981303226
8762,0.8746889383793541
3836,0.6784804940893812
7936,0.03428753335133119
7017,0.02721189788700318
2518,0.056855219265361405
7733,0.7547675612458101
2702,0.0674431234307903
8925,0.011303075596682293
8461,0.7642728427872877
4134,0.15272119545413665
6197,0.046812112383404214
5231,0.037527041964972335
2507,0.06304351314335059
2921,0.3046606390276292
7851,0.041124464750115455
4128,0.05326759278484034
519,0.06621114509931969
4964,0.030508560241110354
2818,0.01591534300824688
3441,0.7054546035840987
2488,0.03444977548703581
1382,0.7272002951380827
2583,0.5937606381679944
6631,0.05552172325141461
7112,0.0931271158739429
2018,0.8771349765114331
2505,0.032571549687517694
5149,0.04377327602983367
9814,0.03316019701513809
2243,0.022597807175131865
5953,0.04422188776684802
629,0.07703194058749205
3079,0.02072656153874094
3639,0.03382949857208353
7790,0.06112871906557734
6174,0.03857638954278892
8953,0.023888907882496847
6087,0.05308759884839134
9765,0.044901991898706604
3943,0.032803302062092775
4130,0.07528876429976716
2213,0.011418352370154433
8386,0.7916612916878845
8850,0.653814353612375
1046,0.3878947226842516
7556,0.20866913178311522
4650,0.6835632467025874
7170,0.10778880365708746
8751,0.9003517493461864
5889,0.045084535771562156
3823,0.045299739066227064
2160,0.6355478805730985
6426,0.13491281347709175
9475,0.00975235283236153
4245,0.05525790635399889
9726,0.6413524046526261
3367,0.03379158898818639
769,0.789403178067407
7456,0.19138441461231898
2312,0.03316019701513809
5245,0.042127968990893425
3348,0.4769640139243488
7720,0.029781462702593308
8459,0.7490958854529889
1257,0.7985502589429055
2331,0.8426195463578402
1185,0.8409943703570576
5840,0.04221188967301848
2828,0.7874833558157021
1853,0.4025649360042884
5988,0.06502019678074311
5973,0.11796939010472655
9271,0.08786264988330046
3599,0.041547536179371916
6457,0.16550459855840763
930,0.04868968534519538
4633,0.14649107000852726
8192,0.031150608648336995
8149,0.05285104397546728
6723,0.7641708382783627
9659,0.040322170201685194
1538,0.24809974454695768
5915,0.04472573079188569
3571,0.17447055309240997
4049,0.009669984902182488
3672,0.7643135932352829
2257,0.01889684239811263
4744,0.04217243842545764
8708,0.8047091224533884
8162,0.17071175533776686
9327,0.06112969714022542
9896,0.07274320556791802
7340,0.16550459855840763
8743,0.8480853168557173
1016,0.3799138653392683
8717,0.7641708382783627
6767,0.17214664809579835
5500,0.053325282323905
8237,0.031150608648336995
9012,0.060703874588514624
7828,0.05788295894273977
6025,0.015256444064407194
5608,0.06494365662281504
6993,0.048468344437979705
6301,0.03641776336295814
6615,0.028478656747477633
7427,0.06442560005854296
979,0.20071712453618112
3416,0.010302744463537346
9977,0.708747791872257
9706,0.04901642815214326
4920,0.5124214936502433
9582,0.6181234275170902
5933,0.060115247662089435
4672,0.10553207635634276
716,0.6623072753283773
3940,0.026012019979968416
6893,0.03695481287706804
3092,0.70303327271056
2919,0.04649728178987782
6544,0.033826288743915724
7613,0.01860502695640116
2131,0.790682927009056
1790,0.6754775190130247
2304,0.07105580100337662
6530,0.028585167436103346
5839,0.17018831326397552
13,0.8127868893139445
353,0.1020983460324622
6704,0.025882988145653263
4774,0.6777874099416856
6370,0.014768081549637711
2639,0.011118485953007004
5297,0.03916505207492436
6396,0.5867315300041568
1377,0.6724157223283094
5058,0.017292522949027785
4740,0.100487094483679
881,0.6824027001257367
7102,0.01765179538592462
2437,0.6793784599003986
2598,0.05150461360772303
5249,0.0485582644203889
5548,0.029154090361445992
5331,0.04971388335681172
4796,0.8028334405059075
8168,0.04414695325802914
2256,0.8188126471245452
2025,0.6673820183470086
2281,0.6190349620950527
9980,0.6645954422419865
2954,0.5034425369114772
6853,0.04184808984134114
9684,0.6355478805730985
1885,0.81666250735675
2171,0.05900778453681183
1831,0.8743572807908843
1077,0.37506944089080674
9591,0.04432988153813563
8032,0.044901991898706604
6394,0.04711922648180863
7310,0.05202164949402221
8101,0.25944674476869756
2,0.04094568308887369
6104,0.04708743530346484
380,0.07468231365724498
6408,0.20678622250734985
9719,0.050914935443737104
6137,0.012646632428961333
7587,0.01797219961656778
7866,0.040335993695225225
6328,0.026939331890061393
7756,0.15182522884891725
7655,0.10999095486052518
212,0.0459787784223925
8596,0.7775276416455725
9887,0.08717365838712414
6682,0.1870567144377553
4176,0.6147170391146364
700,0.8003770055646637
6543,0.048023384745192244
6229,0.14524172394735546
7559,0.04815798766209577
2015,0.7988915902245005
2493,0.06343974114072043
5655,0.04119720583328266
6931,0.39225548319612263
7868,0.04603476915997557
7759,0.4130001293910508
3806,0.5126194464900549
6731,0.6214502494422723
2529,0.04085098251220859
3400,0.1147068385404289
654,0.7860803973333714
1792,0.7301659474687435
5977,0.15049861658996685
3343,0.05760685284607656
2477,0.7257394760131329
3790,0.6494951869282188
4634,0.16401172004274225
1058,0.7959704836158259
1820,0.8408172003579297
250,0.06659875651750423
1727,0.796328329104996
7900,0.1452393798521804
4499,0.030630706131144162
9118,0.037377413520860804
5380,0.031150608648336995
6083,0.12505913147511413
6063,0.031037127396524433
6519,0.05935318657896439
2482,0.04150720917029491
3166,0.37136278860635247
3933,0.03951027156480079
66,0.06135565604790243
8593,0.6890318368921114
5171,0.07877459621520265
9479,0.7565525618975762
6243,0.04336122188867868
5665,0.04654391383586978
2016,0.8257858463096415
2556,0.7641708382783627
6325,0.04662229590395426
5411,0.035296088180155935
7420,0.022597807175131865
8427,0.7980110873762951
5020,0.028225102693562827
1066,0.7641715663859412
7396,0.13614584391347223
6955,0.05649646182462261
2949,0.033344530015901944
5039,0.5124214936502433
8436,0.7688133064604216
2396,0.07011589730382857
5068,0.10705275631160419
3838,0.034542744735683945
7809,0.08966517066658247
3749,0.031150608648336995
8668,0.6413524046526261
1789,0.8619311640108067
8913,0.045812510654393374
4163,0.012242092810881995
1561,0.2609602955037872
1649,0.2728277051291612
9941,0.09880546889873708
6815,0.04711922648180863
9069,0.16985763693898207
4087,0.037109386392054244
6491,0.031924177916407614
9518,0.766508154895168
3501,0.018483995063364775
8911,0.04815798766209577
6675,0.03316019701513809
3422,0.052823219128276686
7661,0.048832205943791916
2032,0.7183289918251278
2209,0.6698156140837577
1819,0.7062428790265073
9752,0.13354862630723352
891,0.6119143442322575
4673,0.5487507369810484
810,0.27153085503632923
9717,0.5124214936502433
4987,0.6263631454476533
1201,0.23371584707721446
3397,0.1212786945412505
1848,0.7814467945294005
8905,0.23411619940270265
326,0.7872450050237355
8069,0.04060131884100051
2988,0.05201853227997429
5862,0.42586999081715265
6749,0.1496544470117323
2045,0.6677394262870152
424,0.09489086130228036
1694,0.3369781316156681
6823,0.05249334226602569
2941,0.026824884097615086
7417,0.07203319187593875
8728,0.4822380658028886
624,0.06759989110199136
205,0.06335129249226512
1009,0.6490621337026767
1239,0.7190244074414273
9689,0.14981791316578924
6016,0.06112969714022542
2712,0.008273180674554074
1627,0.08102827595646132
3487,0.6461515513791037
7991,0.055228368437198264
4194,0.010954800488152937
3544,0.05245736939632666
3194,0.6404508322463051
3827,0.040322170201685194
8497,0.8304314788978955
4089,0.01530403371484274
6563,0.14717549040529526
2986,0.07381625811358224
2872,0.7970198658457075
8025,0.6006774146806648
4792,0.7845973306672768
3406,0.022597807175131865
3187,0.038969522322394944
1089,0.3741459961602091
2895,0.08951987100578966
9946,0.6413524046526261
5957,0.027105458081801613
4375,0.5895574154678518
4747,0.22174328777807864
2105,0.7913106000860047
2774,0.051218347863355204
1053,0.8053911319457089
1603,0.2358961244729219
7338,0.025059962565354758
4483,0.1485665921082178
1844,0.8401846487538785
7503,0.35492983602609024
2874,0.7643135932352829
8603,0.6899397069260771
8369,0.05642635699592348
3757,0.045299739066227064
7760,0.5154308515069415
2210,0.042189345922995475
9039,0.035296088180155935
4923,0.09010664100588309
409,0.7417281264758885
3604,0.5824761836844407
2645,0.01656253968127145
7930,0.024543834766981697
6789,0.7823298159644013
77,0.02279719404652794
4906,0.7430615910989057
1743,0.22517648876343135
5172,0.11826068806495467
8030,0.03951027156480079
666,0.7892104391879504
6435,0.04424226502304983
6940,0.14524172394735546
5552,0.5281384575072572
4537,0.18827737020182267
7061,0.062060436961555866
7092,0.059492275724714626
4891,0.04579336311792378
2726,0.04381244801630165
9965,0.7609819826539835
3535,0.2119952382490422
6220,0.025716868908858125
3299,0.03227519381743339
2891,0.02047434245287392
5924,0.03316019701513809
3676,0.1955388367610964
3504,0.5124214936502433
3624,0.045299739066227064
1674,0.7055786240621069
4968,0.03191079096660575
8763,0.8513971043217802
9861,0.07084851925468359
2367,0.14524172394735546
4257,0.11434038766129705
7576,0.06799463388794043
4370,0.7547675612458101
752,0.833644563303609
535,0.031601117151100616
4758,0.7738911130116626
2650,0.01450972121300827
9695,0.15182522884891725
4045,0.5850879543462303
3011,0.14524172394735546
355,0.7899586836575431
6926,0.09807262721237402
1556,0.07856619538352014
4223,0.019553589098392964
2922,0.2824216415046423
1512,0.7504274311462176
9546,0.026625855616638498
4990,0.4994083924640752
6803,0.09002052602205456
1372,0.6854192870171137
7445,0.015167000888992819
554,0.18404971410815127
4777,0.186120987426072
299,0.056176295537601485
7594,0.3224837666948473
6506,0.18299811217592443
8885,0.13086786739166978
7281,0.014273528148452218
9881,0.7042192056341151
6224,0.05293698730641093
6821,0.6112528790234044
6916,0.8933512364807619
1042,0.7925969865079837
4465,0.8402387651856232
2594,0.6784804940893812
1918,0.740340189853075
8577,0.6062688285710821
5897,0.042587851585212715
6867,0.17067513321116176
1268,0.4019117998939323
2447,0.6413524046526261
801,0.3178718246852929
1985,0.845452582294305
6782,0.6307523463769866
8216,0.03276998522994719
7313,0.033718131716910016
7899,0.2544672554346899
3208,0.3083694017418074
4646,0.7028398734326886
4300,0.049313888742477524
528,0.07895553937856364
8223,0.1529376691649631
728,0.617745412092183
4666,0.08008966799695486
9276,0.07347841947507616
9701,0.7257394760131329
2416,0.07115487871229002
5628,0.6181234275170902
8827,0.8459884010646168
9818,0.14524172394735546
1796,0.7847351185449295
1321,0.8558919226208767
5300,0.14158245846523676
2490,0.014851504465044067
6680,0.035494561032912424
9589,0.06109948381254664
6466,0.05245736939632666
3119,0.05900778453681183
4706,0.22308351510642443
4635,0.0335204786169374
5799,0.027543493991268774
2694,0.05372145335834833
4149,0.8066784479479246
1497,0.0743725726867965
608,0.6486380733235128
9197,0.03444977548703581
1650,0.0597714719931182
2616,0.610552504301201
8399,0.8338774297585736
7754,0.6509901887704753
1369,0.06861190802881924
5790,0.0709279908223233
5089,0.26300807804525006
3278,0.23828851937512158
3774,0.5124214936502433
7364,0.139048365906428
4942,0.21607847648485726
4887,0.8513971043217802
1446,0.056906514426454745
8265,0.03559556650760102
432,0.08420129416678764
7732,0.04738245555775228
1293,0.5540751380010013
6433,0.04900939440416478
3670,0.035518394690062904
6418,0.056798338871963804
3215,0.05671712683516007
2135,0.6935707935013995
8551,0.7544616762626983
7738,0.03668219742073891
3923,0.48661747573108693
4944,0.7080643462754247
2890,0.708747791872257
8712,0.853328040621388
6637,0.040775888914584134
8611,0.6893294656410892
9083,0.019572878322058597
8105,0.046757074210965865
4590,0.22983771477232923
5,0.25277440942877905
4869,0.06189066656617197
2374,0.17827790443834393
8021,0.008084205295862401
5814,0.023587740047589213
3112,0.040557631043972614
8532,0.48769636423492696
9057,0.009402970072951372
7482,0.08501864649115771
1090,0.8389207931635031
527,0.1303075390532097
5503,0.014633522891130402
1722,0.29613433136398
6552,0.024055119914196257
2315,0.04472573079188569
5314,0.0815330952810602
2342,0.8820626066217292
5937,0.042430242398032954
1287,0.8548819412425522
6841,0.026939331890061393
1,0.7974907645064316
4008,0.15272119545413665
6569,0.7641708382783627
7957,0.04866127755172641
3740,0.5624705647873364
1355,0.8516817774031252
4315,0.7622225891181998
7686,0.15929670507320332
2769,0.10833385700097196
669,0.7301865122547352
4070,0.00790755354927312
377,0.07369307988194741
113,0.1819018584000257
2424,0.06494365662281504
7435,0.3656391763270541
2155,0.017615449960405833
4341,0.050652197656311196
2479,0.03444977548703581
414,0.05688069496999794
3108,0.2119952382490422
3370,0.08963087056720367
3128,0.06494365662281504
9862,0.019311356512702712
2659,0.8368059761064016
4793,0.0155838348777245
1353,0.797479050488676
4377,0.5815921645926866
5091,0.14934267786376884
3957,0.6290786390101079
9359,0.05431127499111978
3947,0.031244502015646602
5526,0.033787141220321684
8731,0.6320103744824536
4160,0.03262438638664974
7789,0.09143843562425182
615,0.04814142691486828
730,0.09913523510645929
5128,0.07084851925468359
9633,0.7028398734326886
8563,0.6784804940893812
4430,0.035616711753188826
5563,0.041233132356421176
8034,0.05291364206678677
4091,0.08791817182238065
674,0.8570176107977938
8530,0.8426195463578402
8397,0.7900501266422199
1166,0.6272822864725047
3980,0.6015097553985272
636,0.7950379375159949
5490,0.6413524046526261
5416,0.12505913147511413
3180,0.12731207528565563
4259,0.61104218194127
2456,0.3470650819129279
8252,0.15776119741658032
178,0.052706889605162316
7049,0.04707322389893487
6719,0.04662229590395426
7184,0.06310080385629295
1025,0.06952343652022888
2494,0.1599603983100015
4056,0.2081127512284015
6937,0.14524172394735546
560,0.8500018756085758
2555,0.05847604332025125
6258,0.08496926115252929
8211,0.04119720583328266
3071,0.6413524046526261
8345,0.032018217558646825
4349,0.1660919725922944
766,0.7331886648335206
8571,0.6784804940893812
1916,0.7925217500006141
469,0.06568724631659113
1049,0.3702130205771798
4571,0.03699663209824796
9325,0.6263631454476533
6974,0.17754548978355045
6047,0.7367430251708349
7549,0.012003542050575813
762,0.7475999835665126
6611,0.03516971474695167
7074,0.027936521295901573
5262,0.7452189425586944
9484,0.08995564372551162
1083,0.3177406531398451
2497,0.042986806690372796
94,0.09918232599537168
8862,0.0446020632821505
6214,0.20224978812111427
8325,0.49252748013707753
517,0.06318354254331295
2394,0.14861527188605636
9976,0.6413524046526261
873,0.36020482631466433
6752,0.03834547636055445
1845,0.8415499460610486
530,0.2245740463806837
4866,0.056798338871963804
8061,0.6410129278300682
4710,0.8036989969648813
2590,0.7641708382783627
589,0.3081194108383747
7451,0.11743321525902249
1932,0.31607872556975825
2783,0.011728709752992278
706,0.6931341020898137
5063,0.052807274843348156
6072,0.06494365662281504
6066,0.014995098995897295
9284,0.033766509547284725
8781,0.8480853168557173
8641,0.8769507464266029
5253,0.02949391711743248
7010,0.040475477529930824
7637,0.4136908767100582
489,0.12004510926061522
7324,0.02074870877701901
9321,0.04158992158538318
3004,0.09573397504501428
5420,0.1027636791601287
7371,0.05372145335834833
4101,0.0446572959493112
6008,0.6461515513791037
5117,0.1588765571345233
1467,0.7191127592351947
8095,0.19899607776983044
3714,0.708747791872257
2637,0.19797785671718562
2107,0.7939774458208734
870,0.7571076292532903
703,0.846500912281918
1305,0.833644563303609
4928,0.802671040030503
6369,0.05325675777407258
3452,0.16033203642748634
2958,0.6453133965528494
4360,0.029154090361445992
105,0.7396071331897767
407,0.2267596479528395
8131,0.026950888864477454
6179,0.6263631454476533
2855,0.015308852930815547
2640,0.23789536748864148
714,0.8071076809099993
3899,0.1362622574903295
1784,0.7771897768086451
3679,0.04016049508634955
5703,0.7907080537368172
6398,0.6663189064393632
1710,0.31499772016418853
1064,0.850666018718215
3866,0.19733094007950067
3891,0.6062688285710821
8390,0.07604330365652578
5423,0.15510542058827734
8875,0.026161235345666913
9784,0.020006622438965734
2012,0.3091608277713857
8754,0.19138441461231898
9772,0.03180236438806073
5286,0.09429538260128005
2584,0.15806825953349596
3007,0.0718260760361168
5767,0.06778054066492899
9421,0.03316019701513809
8333,0.5962270277953499
9558,0.03690911271601784
6249,0.07684932874984016
3627,0.040557631043972614
9225,0.7476147466899798
5605,0.009291284230658106
8994,0.019553589098392964
4028,0.02802306755921206
9787,0.7452189425586944
3185,0.6678199524108543
1934,0.73709184222821
1926,0.8022420185423862
4461,0.14162042786745593
3385,0.14640918662880906
6360,0.052978457717710384
5373,0.1626065245313566
4195,0.7655184615685304
4120,0.017072987360771265
5650,0.6370814484708928
9705,0.1241372395823147
2093,0.6752877424223966
3903,0.02097934448107705
852,0.34534019754246714
4110,0.028685286055860848
4690,0.6929346724541894
2151,0.06442560005854296
5183,0.048109614173199575
739,0.6300092916755582
7835,0.03822236573391994
9791,0.48599439557327734
8841,0.5568399689741642
6818,0.4692254163881494
4044,0.10046045560948835
9372,0.6602471224283587
9299,0.037581218454186445
3896,0.08995564372551162
410,0.14807218376981188
3738,0.2546692905961825
8909,0.013113965058105144
3908,0.7565525618975762
6364,0.610552504301201
6659,0.05181409371528916
3009,0.09797610323251173
4203,0.4815212673082854
1771,0.7422828149627966
9762,0.017122639268613758
9766,0.6851498950810828
8859,0.06728612123741659
8442,0.6370814484708928
9428,0.7641708382783627
1624,0.16112422149954633
5182,0.05317240780354584
8310,0.6268475042622832
1663,0.632934574709908
1168,0.801924622559049
9694,0.7257394760131329
9824,0.13086786739166978
473,0.08813741153410537
1169,0.7981130444664168
9906,0.027239348881263108
6725,0.7641708382783627
8791,0.6851498950810828
7183,0.07781451734952619
3383,0.7630366711751684
3462,0.04662229590395426
8639,0.6983143396092346
217,0.07421197924758989
7488,0.08422730086742329
5427,0.8480853168557173
7428,0.10470788055215417
5990,0.08654569886697162
1763,0.6021806948514254
8834,0.7641708382783627
9530,0.08995564372551162
3358,0.5972952849841551
27,0.04673907196110198
8253,0.47258159389864796
321,0.12915980918896322
5868,0.07443863970394503
1119,0.7911841078285886
3626,0.6265164137371323
7806,0.03420188762448392
6633,0.5124214936502433
459,0.017923053535584016
3361,0.5068186708525789
4484,0.009053993817582394
9607,0.6668527905475611
2652,0.7054546035840987
9757,0.06829007600754225
6977,0.051570832009740115
4172,0.022923820254335127
3747,0.06341390716571815
9398,0.02315994159533128
6051,0.026843391436078747
2322,0.0984547015395476
1161,0.6692032285096452
829,0.20665990474103094
634,0.03650592690652002
8889,0.15524786210165253
8484,0.7473256217399776
4372,0.5869241536964978
7774,0.026632366168011165
3240,0.05245736939632666
3044,0.039902941498865065
1855,0.8198886891566185
5130,0.4750488742718565
8405,0.8939333884895874
9739,0.04414695325802914
2334,0.01562755579623608
8858,0.013612267116724485
3255,0.12803411481008176
6712,0.027660131606264793
2926,0.013576979168128375
4736,0.7804816017507777
9269,0.682148631382476
820,0.6888553631419305
7374,0.11838746232511427
3964,0.7536958222777413
1162,0.826630809546915
5684,0.09010664100588309
7078,0.06003563315400834
557,0.06584763551084966
7491,0.012849301649386212
317,0.7535088662118024
8783,0.8317846381748041
9878,0.05607013076790821
551,0.024150319116908046
1793,0.0713904292879352
929,0.5625192305145983
1833,0.8809430648330908
4112,0.5463068240346132
3051,0.5486259883054769
5619,0.8429963270027316
1901,0.6209650748972352
3177,0.08291189228835884
422,0.8820696923679175
7357,0.08777253646063576
6118,0.12944650651811776
8960,0.22810575562455035
6043,0.5004149985188281
8581,0.7035321845868959
9340,0.027543493991268774
3405,0.037590022017188716
2487,0.10610716947014676
7901,0.0640484524345115
9905,0.04299172109172492
3164,0.09202170243622686
1092,0.7869392389597285
6888,0.05119269450739867
8608,0.6355478805730985
259,0.3945487405005094
3739,0.7042192056341151
8017,0.462967766055052
4323,0.6148872229571426
3264,0.03889851878444295
2172,0.7538156522691983
924,0.15742222773377673
7643,0.08244026477288487
8615,0.6740611628683321
5762,0.07565201662965092
8132,0.03065979761741963
5886,0.07165123205867517
5744,0.09518981405329262
1348,0.7951748514544287
1485,0.7929651664023825
4433,0.1063282989277013
552,0.3554418647742387
895,0.5805845210663987
9502,0.4692254163881494
2951,0.040557631043972614
9756,0.03252977152546673
5215,0.029154090361445992
3637,0.05192134006761718
8642,0.8077421722595496
7761,0.04349303700299349
6529,0.04253454693236292
309,0.028478656747477633
8136,0.6783188226614874
3425,0.034542744735683945
1368,0.05355093699284141
2049,0.6507729097430079
342,0.06044022169262368
1107,0.8258122175776229
9742,0.6851498950810828
2717,0.1496544470117323
1981,0.7952717456350766
9067,0.8014732509091269
1896,0.37924519301182774
2197,0.03444977548703581
6605,0.18186519492786235
4222,0.045713445543647466
5150,0.04863384772461603
5199,0.012246116325803785
6924,0.06853965265927048
7020,0.014851504465044067
4589,0.22308351510642443
4626,0.17960341567019997
5323,0.79150046022393
148,0.0873598236018999
53,0.2134153845255059
2088,0.8313198045152977
9303,0.15027712944950955
5855,0.14524172394735546
7219,0.012135981943912067
387,0.7911515770336285
5158,0.1832994836320784
5316,0.7253338270771914
4582,0.6640405652158587
8275,0.02809548993343673
11,0.252632578143604
7538,0.11603944026027332
6444,0.09947273239702521
1569,0.667643444643038
2501,0.06112969714022542
8713,0.5822018988571971
5120,0.6783188226614874
7469,0.023901575179589456
6471,0.1946592141134097
9243,0.7163894461699343
3841,0.04472573079188569
3073,0.052953433696434286
2433,0.13822020944623534
1830,0.8658771364274814
6413,0.16550459855840763
1542,0.21952662830594252
481,0.08419674989572039
1597,0.7841965228791504
240,0.39889974821994056
3476,0.031150608648336995
1103,0.8433052618569749
6630,0.04662229590395426
332,0.37644413206614713
9843,0.08995564372551162
7213,0.047325321789089
2400,0.8402615708881948
3540,0.042219115450145735
4902,0.05192134006761718
5401,0.04422188776684802
3277,0.039902941498865065
5479,0.05792476974088323
732,0.05191282873849168
9780,0.05780508280038683
1087,0.3278257824229656
4808,0.14524172394735546
1223,0.36222333277871627
2496,0.5061371033885547
1389,0.8057275829919781
6550,0.0875897661460475
5525,0.15866093856164912
3588,0.031150608648336995
8796,0.8480853168557173
2444,0.050591317709439566
9184,0.15524429819080549
1335,0.155470069363018
2119,0.7853102863332645
5334,0.2902399858154355
8055,0.6696786058471471
8600,0.7785004259435563
2380,0.044753002068776596
9471,0.04722724880377989
5625,0.06647766123686107
8401,0.7596090193897969
7384,0.02747011614673497
5687,0.09079985331922742
3648,0.027543493991268774
6207,0.06112969714022542
5184,0.06988017318577106
3633,0.6458128226879356
2948,0.043070318692588615
6730,0.14524172394735546
8007,0.052558789098642734
7144,0.009147884897743801
4399,0.13550485732357348
5966,0.05648031964857668
5734,0.02633353148134264
8022,0.02811856036592248
2848,0.04472573079188569
9028,0.05900778453681183
6760,0.5188997563733142
1393,0.7766809023873761
1688,0.7890123183851984
5391,0.03772467911611208
2880,0.032571549687517694
3451,0.7641708382783627
3728,0.012135981943912067
2627,0.17750211647943262
995,0.3633004887676261
1634,0.13110416121736626
7413,0.8820626066217292
3121,0.008273180674554074
819,0.33323387266375776
2285,0.029439296019593175
6150,0.09306311037104611
7124,0.10086493335051341
2360,0.031131129940749118
3883,0.079877729455314
5282,0.030170547118867536
1419,0.6186323008845735
390,0.054895763003641226
1427,0.058870833007302475
3279,0.056446013044492795
8800,0.8480853168557173
2603,0.6056862098662837
1767,0.8226006993901627
9506,0.4575659263014115
9925,0.7609819826539835
3338,0.6770733045333441
131,0.012902092442996102
9911,0.04085098251220859
1995,0.8472816990571733
4978,0.08870136181383981
3686,0.036673974413245956
228,0.2877684849541084
8102,0.24678926049048705
2936,0.03316019701513809
1332,0.8287175504537789
2443,0.1636263176189067
7087,0.039070937069087465
7351,0.14861527188605636
5256,0.03252977152546673
9453,0.1293706218072965
9422,0.5124214936502433
2666,0.1460739242241469
7872,0.061022232046314115
1628,0.040820487555906525
981,0.7809199849459828
4041,0.6581755319241432
643,0.8584171245311213
8282,0.08777253646063576
898,0.6490700084783282
162,0.6481570548482379
1111,0.8007380459926112
8559,0.7769233999299658
7561,0.024543834766981697
6238,0.09766392401703805
7522,0.047322869627735485
8688,0.6038130898166764
8525,0.5124214936502433
9334,0.6413524046526261
917,0.7307494527763829
442,0.06763377508423185
9033,0.6814423138263035
2348,0.1529376691649631
356,0.6233117720903123
9167,0.055601946987822976
8678,0.8426195463578402
204,0.20708705491813864
6201,0.02120618345115861
4290,0.04164729097229202
471,0.04963720710243988
6943,0.1432218920282999
659,0.7051884533954195
9687,0.6413524046526261
3955,0.11070571842462773
5679,0.028658749730899033
1987,0.8071076809099993
9052,0.6989697897297839
4406,0.042362822955448146
5016,0.03191079096660575
5597,0.031150608648336995
9373,0.1147068385404289
4031,0.05476547860476631
9950,0.8426195463578402
406,0.1136568361140749
5696,0.016783898177763674
4301,0.05229942995697737
222,0.6979552487822662
2523,0.2162177554334446
9521,0.023749373337223507
5896,0.051132192020344844
4173,0.6343586169038502
6886,0.05134868751833404
3247,0.3639101387931017
5853,0.02837695198855593
8064,0.009438894157036977
9438,0.02315994159533128
7887,0.019262060199871818
1342,0.08270573522744884
1370,0.8461196464209998
1091,0.5707372173443687
64,0.0704957380851593
5179,0.8778550123936949
8664,0.7940840647462498
7047,0.034047344934560034
3183,0.049865204057811856
8460,0.8552406560033929
1086,0.10704779685119056
4843,0.16033203642748634
4991,0.04662229590395426
140,0.08172099547816063
6007,0.05716840551726825
1228,0.7946846876046275
7391,0.08777253646063576
8258,0.5194218027051795
7246,0.01276868597535139
3221,0.20866913178311522
7316,0.056446013044492795
186,0.06650763362425333
4171,0.1732283213133452
1626,0.05846000113497485
3663,0.07070946124245113
3680,0.02315994159533128
4943,0.04381244801630165
3953,0.013611353245337951
5586,0.045299739066227064
6253,0.05192516504921638
7583,0.05293698730641093
2992,0.054786783701175
4837,0.03549845571745614
3741,0.0504211569208101
9015,0.025470575954323792
1210,0.7017488394566884
3546,0.18299811217592443
169,0.26623882856012054
7782,0.032571549687517694
4016,0.023849284591222843
8190,0.022334663943287352
5781,0.07674125754904354
9241,0.16221467847024665
8220,0.058247066159329786
3602,0.15182522884891725
2495,0.34018692555983293
3848,0.7566984601753475
2553,0.07189939914045453
9597,0.5004149985188281
4480,0.02720439366355748
2364,0.03316019701513809
507,0.7863826903635337
3142,0.04589558211741007
853,0.11483086836193253
8509,0.12968097020998662
1598,0.8132034692182247
5562,0.7012275857985991
2595,0.19797785671718562
4261,0.8346366278600019
3129,0.05245736939632666
2474,0.02830613304913021
8121,0.022597807175131865
831,0.8106203521109051
5795,0.08201757539982661
4470,0.14854778249528203
5280,0.009352318970985223
6525,0.8480853168557173
7297,0.060528866466669225
953,0.6369428199644118
3322,0.053927696143651595
5738,0.14524172394735546
7960,0.054949849473155364
5269,0.02720439366355748
1054,0.6617410650927963
4026,0.6669940119576312
3557,0.6461515513791037
7973,0.6413524046526261
7185,0.045812510654393374
3318,0.05966836215066619
3475,0.15461269911318307
4658,0.21448055549132125
496,0.10247459152795574
4295,0.709651531510039
3408,0.1496544470117323
239,0.7925319818191692
8273,0.02633353148134264
7751,0.1485665921082178
344,0.06060348212038835
2937,0.031150608648336995
6105,0.041397707761053205
1782,0.028874661312652563
7328,0.03647490304699295
7169,0.7893660200369729
875,0.37942518699019295
4655,0.8203550249186402
1031,0.7880513490139757
4715,0.5956909744737958
2163,0.032102063659640696
3015,0.039902941498865065
3973,0.042755621692382235
4526,0.15056259024461324
8974,0.0439401365201178
7339,0.15690518232102924
5669,0.10065859881213296
7773,0.022406239710266843
1687,0.2658220329310213
672,0.6080403335963459
8552,0.7257394760131329
4330,0.14158245846523676
7736,0.04544735721047825
1430,0.20074454889367085
2651,0.033718131716910016
1021,0.7765827187800578
3345,0.05245736939632666
5235,0.04848201314207662
2300,0.17902784450945164
6814,0.06346319735487482
8052,0.1344180794612522
534,0.7871073870011709
3046,0.015078888733132201
571,0.8661681790830299
5629,0.05321173095753274
7654,0.007550018569460476
4297,0.03444933341498088
5636,0.15182522884891725
2103,0.7654249225869937
5351,0.20749540125496121
6306,0.6851498950810828
2736,0.05372145335834833
3594,0.6784804940893812
988,0.09788070282209654
871,0.7900102387052528
3366,0.566150879721152
8631,0.6263631454476533
6015,0.6413524046526261
2647,0.04059521708671821
1587,0.7923213796363686
7259,0.1496544470117323
6122,0.11872671378031151
7539,0.10484563483473501
9882,0.02363005814973486
4347,0.04163731487572099
4337,0.08893663940126344
9874,0.6413524046526261
3493,0.15182522884891725
4729,0.14130887734518793
5393,0.061022232046314115
9091,0.857281595405575
699,0.8294362752677299
3782,0.045299739066227064
8371,0.09800374643676726
7474,0.06382804871948279
5748,0.784323406155016
1399,0.6767092041073954
7352,0.05573212075006177
5752,0.06442560005854296
7743,0.14524172394735546
6092,0.026855129347550362
4251,0.6270729901063445
8996,0.0524252883466895
6586,0.0925040592650601
7146,0.14918878811575953
7653,0.04662229590395426
6739,0.5126194464900549
2094,0.6927837245905473
2007,0.7969579098702211
4877,0.031150608648336995
5112,0.030030371021716313
9937,0.8621370522733868
4515,0.06893997713947733
4074,0.15069409200307513
816,0.2392598136233802
9879,0.6413524046526261
9300,0.1147068385404289
540,0.09692582422147894
8725,0.8242994577528171
6485,0.10445484089874989
389,0.045695906775777874
9207,0.02489340002267002
2916,0.011223680127023038
8098,0.278281859453687
7085,0.04600276106149068
6795,0.13849825552449443
1489,0.32834309221608643
1884,0.8122081631670159
5320,0.8243291245617168
4895,0.06421723431081111
7390,0.05168155885771477
4080,0.05636541224095478
9549,0.14241433423823674
4445,0.02752902781458842
4082,0.02804135480951054
6317,0.6541255474084731
838,0.03823219906783411
7804,0.7257394760131329
5727,0.041124464750115455
9405,0.8480853168557173
1911,0.6206809951832842
7248,0.05293698730641093
6171,0.026625855616638498
2097,0.7520098885468948
9835,0.031150608648336995
825,0.7663594536700917
5848,0.02703194606483206
2740,0.2441913124646036
8424,0.049018960897253605
877,0.7703596661491897
4556,0.3198232851815746
1751,0.7636470242668821
6619,0.5729277507449869
163,0.03174040662947503
1545,0.09467104766414337
106,0.6313846354422918
2781,0.06232053664476765
7721,0.09182294489557516
8748,0.8653378309543587
4647,0.07332805490847373
2509,0.03889851878444295
8373,0.7870413984256975
6248,0.06844078379601858
7405,0.011418352370154433
5870,0.02315994159533128
2406,0.021876503111918095
8444,0.8658887354508715
6307,0.03888989269792638
4066,0.17381207642237306
4156,0.045084535771562156
3519,0.027543493991268774
6181,0.05293698730641093
258,0.08360708210082872
4310,0.03252977152546673
8923,0.24228094596930608
6192,0.041124464750115455
5059,0.7074600501472008
8782,0.8551188731406669
2830,0.6577177326730403
948,0.7632726807738451
6401,0.0430712816784114
4584,0.058663657058500206
4827,0.03316019701513809
2086,0.814411217792105
6206,0.14524172394735546
9352,0.10770004896988386
2079,0.714675132628786
5745,0.02591658836789313
7461,0.05588462480215214
8573,0.6458128226879356
4013,0.8055995551591272
1172,0.3745515441576389
9563,0.027347650323473558
9711,0.04765417586318208
7855,0.05378140209517264
1456,0.2896028304850337
649,0.8405061148479164
5476,0.6494951869282188
7929,0.05900778453681183
4810,0.04085098251220859
3488,0.21633706547971593
6302,0.6413524046526261
4940,0.6461515513791037
5293,0.5071296780095003
9543,0.03548257456415463
4860,0.06112969714022542
6291,0.032742818388287694
4225,0.030845578694536073
4400,0.42567627909645933
7501,0.08284447440776693
9585,0.259466650488879
1611,0.4002263357740204
3126,0.051218347863355204
8818,0.8480853168557173
5176,0.08701044717616373
802,0.018707433353155337
3508,0.04662229590395426
9177,0.07858660269290949
4410,0.0414821309270131
2402,0.035296088180155935
4948,0.05245736939632666
9122,0.04501433540272208
8230,0.05245736939632666
2459,0.011418352370154433
8171,0.04433525491786603
8185,0.04794920174150285
1434,0.2452833689072558
2608,0.022597807175131865
7407,0.06616270090443066
5046,0.10611069056786339
4593,0.039821633817327826
4446,0.029154090361445992
8026,0.10705275631160419
6069,0.05525485177421637
1134,0.6474454013340549
2440,0.03383770932418218
8931,0.10883885192371134
7799,0.027660131606264793
2110,0.8145300662149216
1301,0.32241960352130805
4653,0.2746866620708063
5622,0.0409811204817586
3772,0.05245736939632666
1444,0.5227222600722755
3172,0.03383770932418218
2796,0.03316019701513809
7433,0.048832205943791916
4419,0.011350774695255144
8586,0.6783188226614874
427,0.019978010416335665
7256,0.18314644296542362
952,0.7360367388048736
2159,0.033766509547284725
1041,0.7794368454117266
4712,0.7907080537368172
6130,0.022601212223199618
2084,0.6427877823009533
3675,0.016074573332204863
5834,0.18299811217592443
7933,0.5061371033885547
9935,0.7984735571079481
3040,0.22398714137227074
8434,0.6793784599003986
8954,0.054679293434803704
3313,0.023056782464510064
7689,0.8513971043217802
6741,0.031150608648336995
1857,0.8497537910126002
4685,0.056087374082245275
7598,0.052856291445022026
7605,0.028865209442116138
7904,0.028142555413129006
9594,0.5004149985188281
3801,0.009062644681158461
2244,0.831435974022077
8808,0.6102723724341771
1411,0.11992356868859937
9763,0.008802949942143427
7555,0.09458768540296933
5254,0.11882815574324097
4024,0.044657461905046075
7722,0.08806608001591272
8873,0.8311737002058237
4597,0.7028398734326886
3713,0.03315214502098049
7452,0.04381244801630165
4011,0.7397637245276708
4994,0.15182522884891725
4050,0.009704611944119614
9603,0.6806025185245237
9127,0.07652341614206166
3862,0.18533892589360013
2302,0.703529578519198
2473,0.8986986394890554
3520,0.04085098251220859
5884,0.1628464472174029
9572,0.06167240308930608
7290,0.018413149686154817
574,0.06660806567370597
3232,0.046399789148622674
7747,0.026653191254751765
6537,0.07249810788524744
7531,0.03316019701513809
949,0.33802976246773936
6463,0.023749373337223507
6546,0.024891878542453637
6981,0.5675684305377048
9621,0.06537089565333848
8161,0.7618203746836408
1057,0.7651134799282437
7993,0.04841349687498977
1421,0.8268134489238989
9094,0.15141050164163725
8255,0.02854226939348538
3867,0.04716852878546222
795,0.32556101693464473
8454,0.8426195463578402
7941,0.07351689665573455
1038,0.10661312380405628
9389,0.04693455553355201
1039,0.3771828908379171
966,0.8018490218749518
5898,0.030090387306804006
9291,0.010365012454969975
7346,0.047325321789089
4287,0.0640783414743541
7114,0.1596826883357419
4142,0.040037111860152
4873,0.0355455466543215
3160,0.02205233304275547
1888,0.7937770165029853
9992,0.7305733861927786
9411,0.15182522884891725
479,0.09541544977894337
5290,0.04168186565519075
9501,0.04825644441312458
1836,0.8811550899304756
7315,0.012839794915201309
1740,0.12976868547795248
9490,0.10752305328774399
7411,0.008608276370695422
9770,0.019553589098392964
8539,0.589616689542685
9173,0.020283657873672693
2976,0.672970466790285
9081,0.17686126290344814
9159,0.037581218454186445
5457,0.6301319112821339
2889,0.06728612123741659
2908,0.059836985949276715
6975,0.03386300576611735
2232,0.08942925954766832
9444,0.6818297315364376
5387,0.1809904332465352
5002,0.07228980385734561
887,0.07339660702502585
9999,0.723870671402269
2290,0.0444987212419229
4078,0.023849284591222843
8043,0.03548257456415463
2204,0.14135962633465932
8433,0.8287741790388103
3037,0.03260128912910648
8936,0.03316019701513809
3734,0.04059477972278073
5982,0.049665072427263215
954,0.7766174860798626
2460,0.15563745716502478
4463,0.03371506507502212
1544,0.40340019430566876
9113,0.024760948920676616
606,0.06977409806603439
8507,0.033718131716910016
4043,0.11247687440802771
2993,0.1379287020310359
5012,0.5100523433051051
2273,0.022728789243245208
2985,0.5685226926206103
6849,0.6513952737164538
621,0.7290655416062688
4836,0.6264827238176417
4931,0.16308050475273847
987,0.3064027071136354
9676,0.6262120400062459
2051,0.8233170990594443
1658,0.6436650942472867
9448,0.034772946627180966
8224,0.7369380791440602
7443,0.4994083924640752
8119,0.6404508322463051
1225,0.6774659764828324
1707,0.3804668310275767
5722,0.6742800209101514
2208,0.6001056990263216
925,0.7031106466235679
8008,0.6002504059598508
8992,0.033766509547284725
3316,0.5824761836844407
8898,0.6814423138263035
655,0.7611423092808861
2071,0.6964332758531906
2552,0.7980110873762951
2503,0.014182051832130966
4496,0.6187012776240498
1180,0.8723976176337812
2871,0.01765179538592462
2979,0.05245736939632666
1704,0.6251315598476168
2386,0.19011673780509633
3084,0.1496544470117323
16,0.15278863347281396
7156,0.06382804871948279
4585,0.1588115261693866
3811,0.5124214936502433
6816,0.025778689636363046
6274,0.048142942629872044
5737,0.48599439557327734
8120,0.03889851878444295
7926,0.045299739066227064
5084,0.03180236438806073
3585,0.5486259883054769
9304,0.5124214936502433
6988,0.07093627868966926
8451,0.8426195463578402
120,0.8242139208804278
1873,0.7633884973206424
8580,0.6963251092648617
1621,0.08575958950309193
7956,0.5870050904227029
3244,0.03034312079668648
4998,0.23850735671127482
1821,0.8635559350643183
6541,0.02562589420463866
3219,0.05372145335834833
4941,0.6413524046526261
2211,0.6413524046526261
9940,0.8593378723190902
1415,0.5793620040234527
1521,0.07128693570555208
9363,0.038278131462257926
2850,0.008467288290710804
7668,0.1349584199103753
1902,0.882911861585862
4473,0.08654569886697162
2299,0.1186438390747572
5418,0.02633353148134264
7064,0.012318052779074915
2140,0.7075262539081691
5860,0.1870567144377553
5981,0.08840112711107308
3996,0.07952234250197075
367,0.7976749511052219
6655,0.09571085752615598
9581,0.01257343807093584
2036,0.6975886704257223
5630,0.030565437602755294
5749,0.6502359017861253
7596,0.19138441461231898
4292,0.5522651861213561
3186,0.035296088180155935
603,0.3166088937228788
1129,0.08825319590969812
3776,0.6828832103818121
5336,0.14031103239957196
5902,0.038297013467347124
8738,0.8342926974358864
6189,0.13086786739166978
7964,0.012318052779074915
455,0.07993005619472908
4012,0.045511708034129204
5867,0.0379650136206885
3591,0.0886810602779786
9674,0.6413524046526261
1841,0.8350661117404229
5083,0.06714469337052649
7571,0.39325035901870653
3159,0.8745193356790539
2270,0.5837828986265593
7691,0.0169863437199741
928,0.6812447059691642
3913,0.5907489329914257
697,0.7226596254068727
7490,0.08049569922110951
8926,0.23789536748864148
2840,0.14524172394735546
7639,0.06359203894500312
4935,0.06112969714022542
7376,0.06797871808036603
3954,0.15272119545413665
8528,0.631055201204682
5342,0.05931686187731734
4912,0.6413524046526261
5582,0.16550459855840763
9406,0.20665990474103094
141,0.11729702967007358
8999,0.6835794250444752
2491,0.03444977548703581
3325,0.046232516898542186
6168,0.16020356767299848
3184,0.02690674489069657
9302,0.15182522884891725
7963,0.03209011357523722
8081,0.24522902431700894
3285,0.045483408527401584
8865,0.05468245212325806
4932,0.7643135932352829
5237,0.5131444357480589
3877,0.7059785414379115
5224,0.1368493492188893
6449,0.14297729315344715
6536,0.026939331890061393
6688,0.00932017659755841
665,0.7912328156629275
6226,0.11585051889048788
7178,0.028689870063680994
1059,0.6871394470155157
2206,0.03415255388285781
6763,0.040557631043972614
8867,0.03316019701513809
6235,0.0728455316071552
9387,0.11804946994642417
7599,0.05422070108454194
497,0.7812811930469038
3803,0.10276167217183538
2076,0.8487242851788579
7611,0.8208630526604871
9643,0.08617650373221913
5882,0.0414821309270131
1098,0.7886141104856945
8476,0.8416717207631162
2588,0.7694125531512598
4544,0.14147895467378235
40,0.7813275378092385
3192,0.2256093388948432
42,0.6370814484708928
1143,0.8255954872392456
9510,0.06887983247355152
3393,0.03215808714383487
8794,0.8426195463578402
1019,0.7576783827995701
7629,0.7980110873762951
7125,0.28273831068314464
9746,0.03518107727254257
9189,0.6456529438738382
8590,0.6227748845808599
5664,0.08977350839972092
3140,0.035296088180155935
7334,0.023503802860716988
6734,0.5126194464900549
8277,0.053887035090994184
145,0.08566660061829917
7091,0.07785536786786712
5520,0.026041456184473157
132,0.4224250735239
9023,0.041312393906293
4119,0.039405457772108396
9446,0.058701955422606374
6315,0.03999164436242234
4312,0.009360695325791387
8138,0.17345389795820018
5680,0.02837571755851164
9274,0.013612267116724485
9114,0.7816870349347333
8810,0.6552916109000612
4614,0.2913671367375992
5571,0.14289537433777807
7004,0.03453115375439687
2803,0.039902941498865065
2800,0.032563635815174546
2417,0.09840811863024883
8711,0.802671040030503
8115,0.6355478805730985
8749,0.7923905399218828
2006,0.8081205478544884
4708,0.16401172004274225
2843,0.008069390514425404
1967,0.6752030446845283
6454,0.061343938119000956
9394,0.8769507464266029
9064,0.7678206523385287
8696,0.820612989041722
7797,0.047226990655740916
4509,0.024293688707190224
7572,0.01538001926653449
7711,0.028478656747477633
5296,0.029154090361445992
3820,0.02315994159533128
4553,0.7065532748865956
1736,0.08403697845176909
6146,0.039874562772741616
6022,0.6413524046526261
1959,0.8024440718975401
3919,0.5962270277953499
21,0.7296745922307234
8088,0.06512624464316956
8747,0.7900501266422199
3414,0.01594060102025957
6542,0.4937308814406882
4611,0.18827737020182267
6114,0.13550485732357348
8225,0.040552325840455816
1003,0.7911516764754583
6223,0.030310173609689905
7875,0.04522519654473302
4674,0.1396237824701785
3531,0.8786814728569444
8053,0.48599439557327734
6014,0.0718190157823072
4805,0.03424800542491219
7393,0.05676090686395976
7121,0.052121375498934884
8843,0.5946306704464746
9649,0.031150608648336995
2549,0.02363005814973486
9624,0.5596907642185501
2377,0.046434858890960135
1023,0.3903682219551854
4567,0.21122261345561263
9257,0.0221731889828162
4872,0.11603944026027332
9614,0.04853073588638656
3863,0.04450439722214288
4853,0.6413524046526261
5817,0.031150608648336995
1728,0.7875916114588936
7115,0.030317556990231864
1770,0.7981233833953537
9517,0.04299172109172492
3258,0.08158287931564977
8368,0.04402077635579491
6236,0.7234232967042603
8625,0.7325461767963671
7149,0.08786264988330046
4335,0.029056826861584
8049,0.7119784858638605
4003,0.5952586223910709
9960,0.040765761682612936
7839,0.03469135079164766
8023,0.026914503515671147
5452,0.05471595867391055
2263,0.05552172325141461
4185,0.4692254163881494
7406,0.0340714900743495
1069,0.7794777687809802
5827,0.16726538123795426
4880,0.02315994159533128
1758,0.7740989511259033
9457,0.13354862630723352
1450,0.06400558053889939
1365,0.7459674523795617
595,0.781233416033303
4670,0.05424157042436233
6035,0.010379116407956728
9084,0.7390151449085988
6806,0.11105167116491231
1436,0.09122851670753644
6965,0.5126194464900549
6843,0.05628271729608065
2189,0.046434858890960135
8330,0.06969998675069201
6465,0.049811974712456276
9283,0.15182522884891725
676,0.7619168533194401
6436,0.04564393840960956
9704,0.02315994159533128
2423,0.05517088798020702
1148,0.33761863301205314
5992,0.02902879942613535
6553,0.14524172394735546
5740,0.042361150044761424
5433,0.022571372227122175
5766,0.03888989269792638
8317,0.04085098251220859
2275,0.6413524046526261
3942,0.7135755552917613
9397,0.5124214936502433
8363,0.05900778453681183
3226,0.7574271634542319
9790,0.11172424191463312
1741,0.1481162995594945
2832,0.06521594431130466
8560,0.8018351748620057
1810,0.8026324493806952
3489,0.17282087403458266
7953,0.6784804940893812
664,0.7854337892938987
3671,0.7300885661106606
9254,0.19038226975209646
9547,0.7358693330581259
7224,0.14524172394735546
5404,0.8708027676195602
5583,0.048832205943791916
8661,0.7607706855549279
9058,0.6456389633082983
7858,0.13766330685974953
9440,0.03316019701513809
8607,0.6413524046526261
5995,0.02720439366355748
985,0.7723269366319271
922,0.6608645729875524
160,0.04045643807786911
9333,0.03199994786829498
4628,0.048350401209164555
4455,0.028328933240795513
8714,0.8426195463578402
1344,0.021491447608100407
3950,0.12505913147511413
4057,0.028901936352956407
1800,0.37144338829906265
1928,0.760840561308058
9227,0.09347793255141086
8840,0.7019128243028627
3558,0.046434858890960135
5013,0.050697344067932124
5478,0.03316149927858486
8614,0.7023120811100214
9665,0.5124214936502433
9318,0.027543493991268774
7545,0.0444461098935133
6851,0.12498850658827142
492,0.2487301253510129
5494,0.041543064085174976
3893,0.1472200206512219
35,0.766976654265852
5638,0.03582970046598734
5306,0.16551444619310268
1563,0.3019175716090182
5926,0.2209935940243386
7419,0.10155316191858328
20,0.6864481522502485
1270,0.7845973306672768
2026,0.7295512099004703
5339,0.7522155746738071
8972,0.011913521563849054
9217,0.7750320525684421
4412,0.032209375532784794
6601,0.1458644767016979
4577,0.07719290412420783
8126,0.15480708546872055
9555,0.02720439366355748
2511,0.0139094529304973
4882,0.09354303367909567
6459,0.03888989269792638
7768,0.02207663036445462
9097,0.034743137378453755
4282,0.024399367268170546
1071,0.8114370271316111
3295,0.017305521994633952
4265,0.022585878203794988
1435,0.38974671898935814
8409,0.7565525618975762
6039,0.0347655446648137
5758,0.6413524046526261
7602,0.015964615593698658
2569,0.0927209507069604
10,0.23583613973862655
8556,0.6735350404997714
5023,0.15640137242161162
3625,0.0747730548489327
5531,0.06288961287579997
8349,0.03259337651614457
1317,0.3779751848836855
7849,0.028585167436103346
5635,0.041260569159747365
4917,0.006464302770584573
8268,0.029137864210283342
7713,0.02633353148134264
8296,0.031619992230834545
5983,0.010400887564143644
9794,0.2806836967722746
379,0.788336309066119
4047,0.009126866843801146
9698,0.20665990474103094
6613,0.11600652601838211
7758,0.03316019701513809
5685,0.060305412388524694
7724,0.035518394690062904
3977,0.02804135480951054
4210,0.04533128125471504
5742,0.047999658342408706
5736,0.022197020544417585
4516,0.5506260192826911
3777,0.6784804940893812
1912,0.6542927617617076
8176,0.034072218890781936
9216,0.02676180100527247
7548,0.010057994434982532
8187,0.011694232519694807
5340,0.6715535898010409
6583,0.05792476974088323
46,0.037862920685275775
1410,0.1795414802837955
4659,0.017371413808427324
9478,0.030624174708529166
3978,0.05035848762773893
9044,0.8614088706220174
3816,0.08777253646063576
2372,0.05900778453681183
2536,0.08777253646063576
2055,0.820917493920518
3635,0.03889851878444295
9236,0.03316019701513809
5109,0.02804135480951054
6477,0.48599439557327734
5556,0.1344180794612522
2181,0.02875303071670087
8673,0.6413524046526261
5019,0.7763470880696667
5535,0.12763837589568036
3900,0.06193112658104934
9230,0.7607046275913822
7911,0.688272304009866
9427,0.15182522884891725
3310,0.04524082734750005
4216,0.04711922648180863
8339,0.6617838794822046
2011,0.7883427377920731
7320,0.04101269557530926
5239,0.03566437272519445
872,0.3565012328699352
9584,0.431398543965688
4209,0.7397637245276708
1854,0.381907961396717
2378,0.8043635696479141
179,0.2016686112429796
9429,0.05900778453681183
3469,0.6620818564831832
4042,0.6062688285710821
9407,0.15182522884891725
9214,0.041312393906293
4258,0.42567627909645933
6478,0.23046024302367685
4768,0.621330471104011
3377,0.48287778764975153
6991,0.033141974865094036
6834,0.07952234250197075
6102,0.08479016787067446
3937,0.6617838794822046
9098,0.7471461199660194
1913,0.8022442887058508
6858,0.5004149985188281
100,0.6898955158980792
6344,0.1451615923092457
8517,0.47524646195564957
1234,0.21756998548843093
9049,0.6413524046526261
4640,0.15595398617495304
1383,0.7943768282157805
1285,0.681375538672131
6339,0.6413524046526261
7943,0.7518912233845133
1766,0.7740651846916107
4307,0.024053377019597415
168,0.7058064841572521
7734,0.05552172325141461
623,0.2132107258396194
7897,0.00861287655642265
8623,0.7091146287754863
5989,0.028841285166147056
7788,0.06409649200123822
6422,0.08777253646063576
5705,0.034047344934560034
9455,0.020366041472762605
3005,0.024910978549206736
5837,0.03065979761741963
3499,0.041219771488217476
1989,0.7833766475645874
143,0.7742969700283917
9922,0.5867315300041568
7329,0.17702358773305904
878,0.743879278608734
7446,0.008833475755541687
8538,0.6404508322463051
9418,0.05245736939632666
7767,0.6165029389110053
3181,0.7512661412822106
7805,0.6006774146806648
7473,0.08086251453517078
1407,0.8069839303939312
4554,0.039821633817327826
8518,0.4750488742718565
5105,0.05664104036237247
1236,0.06164434701674077
9675,0.04403152635190293
8700,0.8480853168557173
9054,0.09922612903205824
3696,0.06304483143217139
3155,0.05372145335834833
8009,0.10908140580258269
9211,0.11209568235074116
7990,0.6647393383141702
7099,0.04381244801630165
5652,0.038456304651404254
8251,0.029857716793766746
38,0.7720100025233807
3968,0.028685286055860848
4835,0.6784804940893812
1874,0.7448499496520143
4696,0.12509870052128846
3436,0.03383770932418218
5690,0.5124214936502433
4784,0.7525752359317214
5251,0.13525499509717998
3607,0.03913805138440133
4244,0.6268747301095787
994,0.705923584699654
4235,0.020006622438965734
3003,0.01219612173506567
3751,0.020992609350275367
857,0.3853298947797543
6745,0.023180750740269308
4558,0.15481722086198585
3498,0.09010664100588309
544,0.2877941980725287
3771,0.7300885661106606
2346,0.08151644603573319
4679,0.07336595747225771
2799,0.042189345922995475
3300,0.7382367511805582
4759,0.19075556474878091
8307,0.10391464651874195
5942,0.03888989269792638
5573,0.019643091479013473
8860,0.03444977548703581
6354,0.04667276939152677
6199,0.061343938119000956
1379,0.8011151156239198
6897,0.03795758798361492
276,0.31968650398713944
6342,0.022597807175131865
6368,0.020342628891217986
8814,0.7096561271728274
2866,0.011118485953007004
8462,0.7490958854529889
9144,0.6410374967620065
7083,0.031150608648336995
4159,0.24954826761481216
791,0.7583364603725462
8716,0.8513971043217802
7366,0.02827898617833661
8338,0.8594158928968828
89,0.7609235145588937
7506,0.2046947854309873
8266,0.7781075451536505
2361,0.6911634402660217
3564,0.052121375498934884
7812,0.00932017659755841
8775,0.8429744791793932
2787,0.06891763809411916
9880,0.04242144612705056
7130,0.05101722555235282
6587,0.05293698730641093
176,0.06892757502827616
5624,0.01172125323615242
2021,0.7816906051216338
7467,0.07347841947507616
8112,0.6413524046526261
2133,0.7823612472077244
5513,0.06104340929862336
8413,0.8618191115723134
1017,0.07522854624682715
421,0.0487411544795097
6874,0.05168155885771477
1036,0.7867438054396475
6987,0.09056917534011424
8170,0.05293698730641093
9876,0.044901991898706604
1670,0.7567785490665992
6644,0.048832205943791916
7585,0.144995549517367
3191,0.04381244801630165
4725,0.14785053733516332
1118,0.8035353979284021
748,0.7879644836966816
4622,0.08362051445716705
4733,0.08752086726069977
6012,0.03432895057779608
6778,0.03531349131999353
5122,0.03392923204266684
270,0.6378427691087214
6212,0.02854226939348538
4188,0.03306596473793545
8595,0.6651641228628727
3909,0.04006083126492689
9721,0.04169075938495898
7524,0.034743137378453755
9458,0.041682492716129324
1165,0.4561071154706169
7718,0.014995098995897295
9371,0.7120675649879045
9753,0.0634742368512266
2310,0.5797463996803363
8202,0.09279021351619753
3514,0.7764877595708909
6078,0.04522009586020425
1005,0.3797777984093502
2432,0.041548239354293526
6632,0.587698445573204
4542,0.6828621441570074
9619,0.14147895467378235
8141,0.17750211647943262
9096,0.02363005814973486
6388,0.044753002068776596
2812,0.08695181754298163
2929,0.07324603631475346
909,0.06128965205739379
894,0.2849016154325962
6578,0.19282916416869564
4971,0.14524172394735546
8766,0.04589558211741007
4938,0.05149175623569731
5227,0.029154090361445992
8893,0.541566198639951
2436,0.05980359019955196
6832,0.05010570559369494
3336,0.1340519145325941
173,0.725151327782121
7573,0.014266188330212294
434,0.06881154803125869
3620,0.040322170201685194
9441,0.7565525618975762
9476,0.6006774146806648
7266,0.06728612123741659
4995,0.708747791872257
7515,0.10405351321241878
2858,0.20866913178311522
9219,0.263719138620979
4023,0.03474897974370683
4468,0.5506260192826911
8379,0.015625914181056716
2531,0.03444977548703581
316,0.043905030991396365
7840,0.10158493902467423
1679,0.7092339779021531
7201,0.19927707745183817
9592,0.0414821309270131
1511,0.24620536837566637
6494,0.06442560005854296
405,0.7694645963629057
7342,0.0985845051681925
3810,0.15182522884891725
5928,0.05293698730641093
4618,0.7127985049386799
1982,0.7761106144326909
9370,0.07150524178791369
1470,0.7253736724271779
3426,0.02880478770105694
1282,0.12089768340960713
6953,0.041439243849666504
6091,0.1496544470117323
6483,0.04362439477994535
6692,0.01423247077574871
6800,0.04574084267798962
8567,0.6461515513791037
789,0.23115586965606186
5516,0.041127726605796416
7195,0.05627280527626881
5356,0.736736980211844
4353,0.04433525491786603
3718,0.04662229590395426
7717,0.017122273342483396
6252,0.051132192020344844
9741,0.031567283048503494
598,0.6114131176967524
538,0.01776006079463222
4366,0.14355504017454235
9402,0.7257394760131329
5699,0.031150608648336995
8482,0.845422316680251
8423,0.8011138812333852
7847,0.11374827430238169
841,0.3534527950583323
2005,0.8365355504165715
8470,0.7856391620354229
8280,0.04600276106149068
9107,0.059969339847319746
5532,0.6112528790234044
8983,0.7899464669162197
3000,0.7729851669268032
4423,0.16288076418708836
1351,0.3018183829647686
5415,0.05492578920109759
6549,0.08043136591775484
1922,0.7444815254200686
3789,0.05420388516148276
6334,0.011885176005720742
4561,0.05102834847703212
7059,0.14999842617617282
1294,0.8408130288163741
7504,0.20580988556217064
1749,0.7902698527882335
4191,0.02633353148134264
6160,0.5124214936502433
6918,0.6379402034266024
2576,0.11551898859352479
1110,0.3276184760735576
78,0.09224061290950006
2961,0.06494365662281504
7066,0.05858404791799823
695,0.04554002643859945
9073,0.05245736939632666
1146,0.8401758499024762
1458,0.8243532441836287
9349,0.045299739066227064
6333,0.03383770932418218
6032,0.010824954428533887
9311,0.5124214936502433
9019,0.09976752761899789
1491,0.14534904082314362
4123,0.02633353148134264
8002,0.8574319375389903
4996,0.040322170201685194
3319,0.050503720326764714
4898,0.035645821256964645
4605,0.043767965674892016
764,0.8741540948532757
5045,0.7009974202767235
4907,0.6784804940893812
1962,0.8174049617632443
4358,0.1465485759449494
5267,0.6366221138388622
6338,0.05293698730641093
4511,0.006775947979445261
5515,0.6159075461191595
8998,0.4595238630446378
6140,0.04525455587489397
230,0.07036383064818731
4213,0.01968325660280664
400,0.11009247224865526
5777,0.007638062109885117
7299,0.2929585844558929
8991,0.05245736939632666
36,0.7538248439225034
5079,0.07568917324720999
2480,0.15480708546872055
247,0.0621828912541449
9119,0.059578559850323155
1684,0.7607824629080077
6989,0.1352127001150937
4367,0.49872320001172654
8988,0.15504380128578113
4275,0.03980388136624645
5536,0.0199096631661489
3378,0.03367557061379841
3233,0.031150608648336995
7369,0.00874637962538871
5802,0.15640137242161162
2498,0.04929980405567308
6551,0.03212165470528722
9001,0.05245736939632666
6878,0.04714832500795561
8114,0.049865204057811856
7223,0.832610875320824
3216,0.045299739066227064
7280,0.12711803978354932
8847,0.031150608648336995
5820,0.1379287020310359
8261,0.18299811217592443
9671,0.03316019701513809
8622,0.639426589115622
2877,0.11849613148024928
4728,0.039315291200461074
3359,0.0580608116089418
3418,0.05422070108454194
7633,0.02830054824903489
5363,0.7889714899662443
3150,0.05181409371528916
2802,0.0758334700394053
6138,0.05245736939632666
6522,0.0488084776108287
2355,0.0730989171015944
1562,0.31942203948246656
1905,0.5574014995116282
3785,0.021887920782302433
6029,0.6062688285710821
5207,0.6424745198404206
8076,0.02673947709648558
9221,0.045812510654393374
6362,0.04599916652216155
5481,0.031150608648336995
9029,0.08045523580406572
9368,0.6413524046526261
252,0.06774832322000433
1677,0.7092339779021531
5378,0.038611404565826714
5364,0.7920806412520199
6462,0.025931926318749635
216,0.6262126984564544
1645,0.6256170831769889
415,0.05499397477906103
2829,0.14861527188605636
5892,0.034047344934560034
6685,0.0931271158739429
6914,0.07418779194538232
1352,0.02438431214792608
3072,0.5124214936502433
3515,0.031150608648336995
9392,0.6412038887175352
6475,0.022597807175131865
5123,0.029918326440527165
3082,0.03444977548703581
916,0.17897691910510558
4702,0.013574602118837806
6073,0.053927696143651595
6366,0.5124214936502433
9616,0.03939901741240337
5204,0.029272992288959722
7746,0.10034790380533042
8467,0.6835632467025874
7786,0.04062242172591622
6311,0.04479894662700721
9,0.7382367511805582
4143,0.045530615412369906
7089,0.04381244801630165
817,0.30288555393889255
9970,0.6971348319327582
2875,0.015106845350052831
4689,0.05533226276034576
7190,0.3307208944160731
6860,0.8429744791793932
7856,0.015551816722483963
7113,0.045299739066227064
2953,0.6355478805730985
3677,0.5126194464900549
54,0.7950778425895374
8613,0.6062688285710821
3834,0.5124214936502433
28,0.6973918400745005
6740,0.035932273348047265
7692,0.047226990655740916
7048,0.04450050529347781
1153,0.820042644093872
1739,0.6998766111669893
3798,0.1531121300073917
4879,0.041547536179371916
7700,0.13180899776595906
8056,0.16288076418708836
5900,0.16070317017432276
9495,0.044901991898706604
3229,0.024410689207827067
7980,0.1451615923092457
2019,0.8081345344777032
4592,0.6699547807148161
5819,0.05245736939632666
6903,0.225696298006597
5242,0.0315812697999415
8506,0.6283230124547908
3814,0.03883327971724036
3253,0.717066123488311
9907,0.055117020641030086
6676,0.8456335417403114
9511,0.038093703539670704
774,0.8656443539311689
7984,0.03316019701513809
9943,0.7965611267472257
5032,0.1378519543792279
4447,0.6897303686620647
5273,0.046378347038945514
9350,0.050697344067932124
6424,0.16033203642748634
3688,0.05603885377950013
4508,0.144066802338708
3551,0.6784804940893812
4437,0.02680954035810742
4846,0.610552504301201
605,0.7527899485361783
292,0.13325556847729206
4083,0.09593212437938581
265,0.8106100566715064
2010,0.8056748252004636
6961,0.5126194464900549
7832,0.28855722560266917
8287,0.060115247662089435
2913,0.7223534632478356
1584,0.21014160650731337
3483,0.6413524046526261
6065,0.055449122055232905
3898,0.6112528790234044
3821,0.0801642484771495
3199,0.05368518918421804
9559,0.6855537312911267
5958,0.2268080609841771
9364,0.056887238393333775
5922,0.024118551954994107
818,0.23897525935946004
9608,0.29108033564408325
4681,0.7863304488280424
3068,0.7601800999628886
9622,0.12024599712366199
9315,0.7641708382783627
9317,0.045812510654393374
2023,0.7178279961798587
5654,0.05422070108454194
6683,0.028937425332907718
9252,0.8566501428000011
9609,0.6316089908663935
2998,0.2102442223844743
6669,0.05192516504921638
5890,0.04340778768034737
9186,0.03316019701513809
4939,0.09616093499948969
1357,0.3192785241807203
2180,0.012015833994552609
2484,0.0593635136210398
2586,0.2256093388948432
1682,0.020614271246889256
4977,0.10770004896988386
590,0.8039459882453531
2938,0.7916612916878845
5789,0.6961588355696822
4321,0.8471303001684892
1175,0.7418597749712834
8455,0.8633333949566319
7101,0.05847604332025125
4915,0.054949849473155364
7388,0.6734410064151456
3879,0.14623312232334917
8092,0.27310957940956304
9071,0.6413524046526261
2249,0.03889851878444295
5746,0.035518394690062904
7253,0.09068697463179011
7888,0.05313725788919001
3659,0.10142672008640154
5358,0.07078990647110318
9086,0.27063030143768313
8392,0.7641708382783627
8906,0.6559994038436243
1808,0.8522581183064742
8680,0.6062688285710821
5895,0.10530122260674894
6701,0.0346695255564866
812,0.6177436361527595
5569,0.03399614951392266
5305,0.6379956266914503
7404,0.0790246482951525
7385,0.05352034286201583
5377,0.08002838237204965
4600,0.06386383679879774
2526,0.8480853168557173
2779,0.02363005814973486
6901,0.7851897643925567
3301,0.012947943533792385
2681,0.1941308037015005
8917,0.05372145335834833
6677,0.8408577868831196
1578,0.786658491146014
4578,0.05699572951825812
9150,0.6456529438738382
8438,0.8513971043217802
2572,0.010497477262568618
9869,0.7641708382783627
7516,0.059492275724714626
2563,0.011303075596682293
2700,0.081093144365111
2567,0.05798782005906124
3114,0.16990972627406403
5876,0.04414695325802914
3078,0.05055247878506111
1131,0.7996450643541226
8616,0.5947770692654253
8522,0.19243075194342613
2622,0.03505990709329118
6173,0.5894285821784465
3456,0.04119720583328266
9454,0.019553589098392964
6579,0.031150608648336995
865,0.25530192625048037
7154,0.022597807175131865
7908,0.03951027156480079
2940,0.013829073835553232
907,0.058253852838448576
9265,0.048832205943791916
5793,0.014252193848618814
1921,0.7569812727627165
8348,0.023936309480322555
1117,0.3039045589541514
4847,0.054949849473155364
3533,0.05822949818129589
8181,0.04738444675893031
2688,0.022597807175131865
5910,0.08754537338462069
1394,0.8739862623453013
5447,0.5146222174984386
6443,0.17548369774116285
567,0.061072121436811275
8103,0.03389410287156983
3567,0.050697344067932124
1056,0.06308380163344514
8950,0.039645368570607305
2407,0.033718131716910016
7673,0.045483408527401584
8011,0.02804135480951054
4884,0.17891062387962522
8968,0.03633058648504217
201,0.05488733523094326
1894,0.6987626340601569
4946,0.6413524046526261
1708,0.7626666947348134
1124,0.7953737589347052
4076,0.27508354613678554
927,0.016284611605117374
288,0.8009532792326292
6597,0.02633353148134264
1163,0.772841487490304
2139,0.7681984748341738
6706,0.6333189969501712
180,0.6198502343176105
3526,0.06494365662281504
4520,0.7490958854529889
9928,0.6262120400062459
7697,0.011753088075722458
7395,0.008810070940884693
5166,0.0451460111272368
711,0.7527719516482239
1002,0.05501243698837672
9534,0.13281840621376467
8229,0.6307257048556252
399,0.11518656048463767
221,0.05654730651353934
1788,0.20932065517624027
8313,0.5486259883054769
104,0.6450186193571407
2003,0.7977347529311232
4625,0.5487507369810484
4892,0.5124214936502433
2292,0.18299811217592443
1095,0.7815706016359213
9103,0.6413524046526261
7815,0.10804683985593107
503,0.45928881033507835
6409,0.1344180794612522
5723,0.04944642031995937
8836,0.7886841445389073
3261,0.06770227920428286
4346,0.4836693207419894
7032,0.09105347811318092
935,0.11115044123063199
618,0.07165624211224082
8557,0.6284075280431802
7958,0.031150608648336995
3887,0.6955706230284896
60,0.04822501242117604
1490,0.5041281899960501
4371,0.023936309480322555
4878,0.744826889198823
8145,0.03689175040121446
8759,0.8480853168557173
8425,0.146070943189569
8908,0.1728046088439742
5510,0.6400399716562398
3555,0.6263631454476533
8612,0.7127641558243736
456,0.0684618729131543
686,0.7222451389142127
8376,0.8006736978635532
275,0.8782145682693997
4440,0.0518168838909822
5944,0.060210296274421087
360,0.8180937126749689
9830,0.029872521514840603
933,0.6835632467025874
2301,0.1288113658306411
2725,0.14524172394735546
4434,0.022585878203794988
5244,0.7268815625447089
8768,0.590071515081889
9145,0.06948786990945519
712,0.6546303219513409
9634,0.8850602037304486
7230,0.28861282428977053
8943,0.048832205943791916
5036,0.5097280019552908
1251,0.8048921258529024
807,0.7377582669448546
8191,0.07580668480570525
2896,0.03316019701513809
7566,0.08436615853628748
1343,0.3709827853214752
8929,0.09628997678283574
9451,0.010577588234224703
7526,0.05671712683516007
264,0.7978097480997608
5871,0.06770055569978685
6280,0.03985898185310285
1403,0.6069058433682356
8888,0.039672647108667476
9788,0.03320887708708196
1203,0.06606241715738455
3562,0.7670665044937202
1414,0.09552775549414713
2239,0.07127591166374067
4373,0.10158493902467423
9474,0.6062688285710821
741,0.7316150323563083
3791,0.03641776336295814
5971,0.027418624815506044
3638,0.009062644681158461
7857,0.03897753920093733
2943,0.0692176969544684
4344,0.08357675781855593
8257,0.05287311690445333
4452,0.013649469315161691
7141,0.06728612123741659
5301,0.6379956266914503
3528,0.04085098251220859
577,0.26867321290858875
2709,0.18314644296542362
2245,0.10433731330002377
1376,0.07692827906801139
5284,0.04437817907392385
1280,0.0807202603141001
4148,0.6396504179525991
3059,0.06530593798161764
8921,0.054679293434803704
55,0.062190502587485194
5135,0.17018831326397552
4517,0.8347907637286617
6877,0.42567627909645933
4771,0.28195848873655505
1468,0.3043394321150665
7303,0.1344180794612522
1777,0.06207193702954319
7777,0.026632366168011165
584,0.06278030096648411
7762,0.04853073588638656
6750,0.09306311037104611
7325,0.18299811217592443
7896,0.09068697463179011
284,0.6843549378374251
8549,0.680419838231727
3296,0.7989227468987113
9755,0.047428086256649564
144,0.05950000192587337
2609,0.10594928845158946
8620,0.6720196138423941
9669,0.035518394690062904
5626,0.10158493902467423
3430,0.048832205943791916
3652,0.0804053251292557
9055,0.031438791260337814
6791,0.14297729315344715
4034,0.5946306704464746
2445,0.014179775453111079
7180,0.0724022549169749
3617,0.03316019701513809
6881,0.11325717214936858
418,0.8802941185539118
8903,0.022874045455237576
8806,0.6112528790234044
9102,0.7094905077707038
2246,0.1430682920167316
290,0.6887463819580668
3104,0.030801410407490633
7775,0.08260944274706118
4000,0.5850879543462303
8866,0.03943131396005128
4320,0.03951027156480079
8892,0.010802168978684062
8359,0.7893660200369729
9238,0.04589558211741007
997,0.6369428199644118
3167,0.30558064584053934
7922,0.07989619235184205
1445,0.6471777389900335
5589,0.06112969714022542
296,0.05935245076694563
7082,0.1689909555947024
6524,0.035296088180155935
8227,0.6015219599584688
9345,0.04311815080908615
1825,0.8672267968848711
1311,0.08067339278161136
300,0.029286829872911653
770,0.8491236676030043
4,0.13180899776595906
7546,0.7565525618975762
8513,0.19531873327162444
926,0.6871153250418361
325,0.7049129709690489
5830,0.080592643653805
7035,0.021326988837508002
2441,0.06724179186805024
7179,0.049476047478594964
9599,0.7452189425586944
9533,0.6846332975574729
6103,0.04119720583328266
8879,0.053393942899730686
7665,0.5723282828885944
4850,0.6404508322463051
989,0.7466351379477817
2868,0.008319471774371888
9994,0.6402904535848879
8090,0.07330609614225221
5357,0.08572231983749566
896,0.2818623677284415
6165,0.12763837589568036
3932,0.7543430538689884
251,0.6260169284861024
8133,0.5652822879733689
3727,0.04662229590395426
2061,0.7162761022064398
2690,0.034664827864825144
5463,0.0646449152769211
7983,0.850477054113899
1785,0.09679986753232331
2115,0.7908798948599026
586,0.07142698792410222
3818,0.11413838685143168
256,0.23987559063290792
727,0.10097623533080394
4126,0.6172112900255808
6709,0.64105795178963
4803,0.0311430289064644
7449,0.11768980111380872
8626,0.7758910719167575
6151,0.0524252883466895
7161,0.013072608948338464
4512,0.029781462702593308
2977,0.06728612123741659
2790,0.6413524046526261
1954,0.7179353396694059
9904,0.020006622438965734
8005,0.19411142615548801
6735,0.041547536179371916
7278,0.46643626522796755
4732,0.34679814681413385
5052,0.8007449288341464
1869,0.8031627341349145
6204,0.059587419215119355
4182,0.6963251092648617
9074,0.25007817395840687
9294,0.030001441551897916
7122,0.0379692284129291
2823,0.0877857983824176
3467,0.5124214936502433
7056,0.04139754407798765
4421,0.03663000945308026
5258,0.10158493902467423
4161,0.11459284801676924
8715,0.8756373386365647
863,0.22710411558158144
1350,0.34893079329146726
446,0.2255067757774442
2353,0.15951344661145994
5581,0.10084395119337884
2156,0.16465478313845958
4207,0.020421063921847872
7399,0.02368847815561363
792,0.3014920499999907
7688,0.05537287155047249
5986,0.14416424467128194
2512,0.06322001646323021
3403,0.10770004896988386
277,0.08486386868642447
4624,0.2450981648417108
8305,0.15333347806977599
6904,0.23160366936057547
9426,0.03408117081990932
1941,0.8481620535912233
1115,0.4237286840102736
4009,0.035455309785888955
8134,0.042268015225689
7772,0.4994083924640752
4580,0.05800197923608192
8256,0.05762447283687139
6300,0.045299739066227064
2288,0.03947955663891619
5541,0.06996125070878209
9259,0.1955844857019099
3477,0.053230168238547156
6406,0.18057484822693892
